Model,Split,Test_Accuracy,F1_Macro,Precision_Macro,Recall_Macro,ROC_AUC,Inference_ms,Training_min,Parameters,GFLOPs
ResNet50,50_50,71.2,0.6974538395576321,0.7880128292280689,0.7120000000000001,0.9917115789473684,3.188879213835064,25.365209273497264,24786086,0.049572172
DenseNet121,50_50,68.12631578947368,0.6591892143453013,0.7787695871483229,0.6812631578947369,0.9913230839260314,4.5591936111450195,24.801992976665495,7707494,0.015414988
MobileNetV2,50_50,66.72631578947369,0.6512444306732947,0.7701800575257076,0.6672631578947369,0.9890644551920341,2.304349949485377,17.225891490777332,3060070,0.00612014
InceptionV3,50_50,62.852631578947374,0.6068498162810718,0.747339280725254,0.6285263157894737,0.9843044893314365,2.741358204891807,21.173515224456786,23001158,0.046002316
EfficientNetB0,50_50,47.12631578947368,0.4539447051916204,0.5907341395526788,0.4712631578947369,0.9499702133712662,3.0847432236922416,18.165454947948454,4851657,0.009703314
