Model,Split,Test_Accuracy,F1_Macro,Precision_Macro,Recall_Macro,ROC_AUC,Inference_ms,Training_min,Parameters,GFLOPs
ResNet50,20_80,63.868421052631575,0.6204914420870251,0.7346707999383397,0.6386842105263157,0.9865028716216216,3.906129473134091,11.249701813856761,24786086,0.049572172
DenseNet121,20_80,61.26315789473684,0.5929304382373908,0.7219091385088067,0.6126315789473684,0.9857936677631578,2.8107083000634847,12.28169867992401,7707494,0.015414988
MobileNetV2,20_80,61.00657894736842,0.5890642285078037,0.7170658766649912,0.6100657894736843,0.9836290962837837,1.7700245192176418,7.476510679721832,3060070,0.00612014
InceptionV3,20_80,56.53947368421053,0.5347394053478198,0.6727774028974578,0.5653947368421053,0.978924391002845,2.014739027148799,9.84264969031016,23001158,0.046002316
EfficientNetB0,20_80,43.33552631578947,0.4084427212602969,0.5449513275469977,0.4333552631578947,0.9468102484886204,1.901580346258063,8.527222740650178,4851657,0.009703314
