Epoch,Loss
1,-43.0315239
2,-121.6096709
3,-143.6975175
4,-143.4943461
5,-143.1435852
6,-142.953376
7,-142.8529105
8,-142.7934866
9,-142.7681246
10,-142.7731907
